,Pair,Group,IFGr_IFGr_vid,IFGl_IFGl_vid,TPJr_TPJr_vid,TPJl_TPJl_vid,IFGl_IFGr_vid,IFGr_TPJr_vid,IFGr_TPJl_vid,IFGl_TPJr_vid,IFGl_TPJl_vid,TPJr_TPJl_vid,IFGr_IFGr_int,IFGl_IFGl_int,TPJr_TPJr_int,TPJl_TPJl_int,IFGl_IFGr_int,IFGr_TPJr_int,IFGr_TPJl_int,IFGl_TPJr_int,IFGl_TPJl_int,TPJr_TPJl_int
0,1,IC,0.24282010524296,0.2519890546272285,,,0.2620022799483728,0.24912424978292902,0.266695890539447,0.23759833360536847,0.236831452157718,,,0.2567567773755035,,,0.261954096577881,0.229777379249472,0.248249763406884,0.2781027348922185,0.271564769038636,
1,1,IL,0.31686430043207703,0.28274163687945997,0.3236391375491045,,0.3148153118642585,0.25900344720497825,0.28752072666690154,0.27275635380518376,0.239378409890026,0.40672513371343,0.22251910171481548,0.31481035093186405,,,0.26298015826758575,0.319183623178128,0.2389004093570185,0.20842151051070298,0.291758710258055,
2,1,NIC,0.2623330008267425,,,,0.273123400057098,0.2845368497106885,0.23283264726678649,,,,,0.270902805439836,,,0.3248838252852775,0.255685686788292,0.255992090799004,0.2380293073589545,0.25182659402296104,
3,1,NIL,,0.19795817535898752,,,0.2249416258675665,,,0.250079899793466,0.2985317641095075,,0.354665882855991,0.2846530472975215,,,0.2690889410323785,0.356290539186149,0.282786391726854,0.2032183454716795,0.207984405418468,
4,2,IC,,0.310372185118357,,,0.341253535473966,,,0.2142441925546555,0.201636345881202,,,0.2377269226689645,,,0.2112024886619685,,,0.287224496732285,0.2383815611103805,
5,2,IL,0.2713063656924805,0.26458301394211803,0.326199572335454,0.35905376398828404,0.25185877270004076,0.234838325882113,0.22937358693542326,0.24958363950904974,0.270011336785834,0.32988201842325504,0.3450655208237085,0.2521572032389095,0.25154667290024,0.259224377699314,0.32306795127715876,0.29564536279243403,0.284780060404233,0.2654243497662485,0.26538106483760376,0.25644083616439
6,2,NIC,0.269515454804488,0.25271428701799004,,0.302375990383424,0.24958620896862752,0.2842204426360055,0.28009987852658025,0.265514979092691,0.258193669782727,0.3035918511194305,,0.236075084264784,,0.2430912371576125,,,,,0.2364973740472605,
7,2,NIL,0.38115590630639495,0.2244184450828465,0.331454492234643,0.3313553802052565,0.28059492306358924,0.27765952979444397,0.30143959206883475,0.28893128026667,0.30263140614504025,0.3352223499341425,0.294539041973303,0.21711357734252001,0.22589739900710198,,0.31573873808827224,0.22388947898713224,0.290217049391639,0.272834565984355,0.2572570548240495,0.26413253521811353
8,3,IC,0.3248377447017845,0.29392237229249496,0.2106775125501935,0.2100505898878745,0.30234750439109526,0.2774485841232925,0.26281163319480577,0.28717891161966275,0.29337518390133255,0.21177197788528748,0.251327479233008,0.342318678182778,0.2261589586024515,0.24192992423014198,0.28734685133027127,0.27049888523788373,0.25650747766779297,0.25897188183768327,0.237201530077153,0.24903830456216502
9,3,IL,0.306770278761684,0.301203148209493,0.342400615716391,0.317585998613704,0.3056219011988072,0.25684439443449875,0.3014602737607788,0.265873849010036,0.270611926805658,0.33264072550322377,,0.253766617959478,0.359438563524399,0.297128516490232,0.26210336627331,0.290096116546714,0.237573925935095,0.289834783302588,0.23868853459483502,0.30080128835304354
10,3,NIC,0.297423991181634,0.3031120342926545,,0.181713353180816,0.29550188361986574,0.329839867828645,0.2974352893332902,0.305328699788535,0.2789788094949325,0.180421765026017,0.29835316411247204,0.3326312153515125,,,0.3068442470039705,0.2656873903613325,0.288748884645758,0.2862117882523235,0.31199889192090746,
11,3,NIL,0.23883755446163699,0.2643555339868825,0.2919174993883825,0.312880508753029,0.23279698323650475,0.29666815931539026,0.28080982451915376,0.27876754996442177,0.28395230156122947,0.32504859503078376,0.3175921878678145,0.2825004281741175,0.358521755250237,0.291585945522671,0.28567729537396025,0.319481612155461,0.3624872441422425,0.25469455874473423,0.335280157388547,0.24422247374040051
12,4,IC,0.3461989878020425,0.318397794813868,0.253354166018932,0.2389475259862045,0.3408862341544815,0.29878088384698775,0.279587784379812,0.2794142618504265,0.25684269401107274,0.258004300837406,0.352006711091686,0.2654145868724145,0.2606952470739445,0.2367503489462765,0.2697886101070245,0.294033339343986,0.3114512287216565,0.29752137924435496,0.3441739457940862,0.264295196634842
13,4,IL,0.2664851815914595,0.2831301070404695,0.17628339270229249,,0.314012281776293,0.29286316210725727,0.270393101906938,0.240217806808052,0.2455755985339005,0.2249944244294045,,,0.2826600978456115,,,0.2128638267518965,,0.2344220600088585,,0.3070378608272015
14,4,NIC,0.18911734978210049,0.2084494562120175,0.268913664827267,0.28003177217304853,0.198343753040836,0.21328709456736877,0.25487837708690375,0.2623179272285885,0.27319730624537475,0.271656509942245,0.179802149370532,0.353239635644929,,0.256978434109582,0.31439620057539497,0.231953030153231,0.35086610518031325,0.39106563740052447,0.3229967737736375,0.2688584946132335
15,4,NIL,0.36944050654816396,0.2361619595221925,0.28430866803176247,0.277101580888912,0.287957861222393,0.2642920416000403,0.264117253207462,0.31577055955823724,0.26120319729791674,0.293221339601956,,0.32405487844625547,0.329207453008393,0.2427639011553765,0.314003015950208,0.25304661673373696,0.28121138335721796,0.29555935827152724,0.27532515364437404,0.322090197354662
16,5,IC,0.3309147811793055,0.262322465237824,,,0.34103610683770874,0.2089041498044345,0.2219116845584535,0.2299929255792445,0.2206523045846565,,0.234198841550119,0.282587455625389,,,0.24353944162823676,0.278947253088285,,0.399401863357241,,
17,5,IL,0.306969711968776,0.2666882929787865,,0.3151767588420915,0.27649043744399904,0.22484294063510102,0.26299613544662576,0.277923317135022,0.28503279128340253,0.24887321166522197,0.2551148329811125,0.321576617439495,,0.270462715619173,0.28223004917053174,0.3271846057679685,0.33366056732865745,0.3623959216681035,0.3554851558948905,0.298086358147024
18,5,NIC,0.31342605499013654,0.332551574071619,0.3047295189173605,0.3916932862326715,0.3588204599714012,0.30305013366745126,0.34461817350001045,0.297659590039587,0.31799983002343724,0.3171746591022713,0.3169718848123595,0.204336640400985,0.2564774430475355,0.2624790324453645,0.22776851187452873,0.28130841105086746,0.276161819477251,0.257285008523911,0.2513156104634915,0.25687796025788645
19,5,NIL,0.205135628063537,0.256172289645699,0.32682756754195297,0.33268464879909954,0.27590451079890826,0.28638816160269676,0.33075223840226026,0.2687089193643103,0.28329638943324176,0.3455313958889565,0.254280769165434,0.231370667410631,0.277939797391228,0.2991739441333715,0.2193960661466435,0.33060109123631654,0.25857728220682225,0.2938464162604373,0.2726648252730785,0.26062559950088726
20,6,IC,0.2645855557204895,0.2576606498036675,0.236596152272669,0.2930743426283785,0.2768770034865635,0.2511308627071925,0.245770090127065,0.28775740953534645,0.2633119926948615,0.229668973302489,0.1843106439081865,0.286641649837034,0.2541687301024105,0.282218756426542,0.24847875054534052,0.2626938081731885,0.24500680805077102,0.322261205823624,0.320385657057612,0.281943137525428
21,6,IL,0.258468010123331,0.24197893841130852,0.2489653724444,0.325508327332254,0.2684062694758452,0.25019246924140104,0.256226341173389,0.25305485108961223,0.2852845085792115,0.25757271755167627,0.325827572636404,0.2998695709484025,0.2070138794458925,0.266435680508556,0.26340312288888,0.2771312956465305,0.3114176708113172,0.337312326055826,0.327338581713899,0.29585693487170295
22,6,NIC,,0.2830898137689605,,,0.29194073220322747,,,0.24506389695071001,0.2678644499043525,,,0.213914607055313,,,,,,0.26854580850535303,0.30357212428133995,
23,6,NIL,,0.2627715369941985,,,0.3090603193989375,,,0.291033978744494,0.2347382746125615,,,0.295829578925831,,,0.28543752985947646,,,0.2611167975915075,0.2796367942210375,
24,7,IC,0.4154224494571655,0.295611305302437,0.3038700343746165,,0.3399790026532288,0.259578226531739,0.279062624176464,0.27445990919117774,0.265742519096333,0.3014397566090795,0.220320684571339,0.3297125187905345,0.261258594396775,,0.277406925551889,0.24408734815707522,0.27565108964075447,0.314107758996274,0.284452365813904,0.328906690956518
25,7,IL,0.2388405907138405,0.23215276062040352,,,0.236173832229015,0.2535999942949445,0.23640073959448,0.217748323306921,0.2356069611522535,,,0.2208685433065575,,,0.262983225442594,,,0.288099343727442,0.248724759887401,
26,7,NIL,,0.323490548511982,0.226135606964736,0.194651121788706,0.24106692922281198,0.322322335436475,0.345542302457729,0.25238589775585374,0.3315099761031455,0.2132073955638395,,0.296344205992506,0.28511075001507147,,,,,0.264995511200837,0.2867229929453175,0.283392054066115
27,8,IC,0.2612789665009695,0.2618268189761035,0.1998908661241255,0.235616120084228,0.2756083329036565,0.2314199598013195,0.21505484511677275,0.24426403245052475,0.23546161535388926,0.22641360210461173,0.30779599027765203,0.288118255617414,,,0.3205120214314985,0.3517182814799485,0.235172165623791,0.2554474020174665,0.24607166969587452,
28,8,IL,0.3173390548262665,0.22495828538379298,0.301657242920149,0.300738925712554,0.287131975336309,0.3677484898761455,0.34146014808225,0.30800456876668425,0.3300544609319698,0.2955073923646583,0.3063477612275405,0.2432424900857485,,0.2357433600398475,0.29423710409888526,0.31098122106701054,0.2655330195729617,0.23366511331455397,0.2835513085972833,0.27039563564831803
29,8,NIC,0.3083895592589055,0.29912237290332,0.28083079602665195,0.299610024874466,0.29780831192658574,0.256000158866227,0.2862352002246855,0.2748395650425673,0.27193403112030423,0.3135752695263322,0.233762342860123,0.226867386714456,,,0.26659067705620654,0.2781059009615245,0.316645730294948,0.3572850621809005,0.279241049481547,
30,8,NIL,0.2503998021763705,0.314476100414977,0.29331682876647747,0.289655573724973,0.2443810747436495,0.2860833041925215,0.241572903683484,0.2716361191482943,0.28593853930822477,0.3056789602226695,0.3009007448806375,0.2487752674090295,0.27915744955731603,0.342890378589217,0.2922571053111097,0.2789093411426875,0.21806488252455675,0.2732693014698617,0.3075651145349482,0.24023545378537525
31,9,IC,0.2790426011366815,0.295821706374171,0.2588927577216485,0.2272604442105705,0.3516336317665235,0.26288056929054904,0.26288912306960555,0.2534310756291665,0.2585676298385893,0.23930522424004652,0.236058715405599,0.24658518583376848,0.28008890485535254,0.23560226642104298,0.2625142016295108,0.22273875163484874,0.2251023110123495,0.313162418515582,0.27815773430254576,0.32108476635654326
32,9,IL,,0.306969405678914,0.396414658663892,,0.237935231692143,0.22777227977959,,0.26506669751573775,0.27726050662241697,0.33491407866714,,0.2454899876563725,,,0.387537909641065,,,0.172112680993776,0.253684538080351,
33,9,NIL,0.223604979072756,0.29353156999290253,0.216314130994172,0.22485729808128602,0.2769088751312635,0.2952772769648375,0.283892742598688,0.25991423843647377,0.25826356854364924,0.24662598956203974,0.230124468766164,0.2533341319929525,0.3602892778264185,0.30728246343903254,0.26383023097436925,0.28718096525493175,0.2949084534990313,0.3366993410952037,0.3254983951792455,0.2648667948179717
34,10,IC,0.3166214125374935,0.280129459831853,0.3043673720271905,,0.2847181370830442,0.2944743726932725,0.3039088554607005,0.24479643330382828,0.24819807498913798,0.28562476375251655,0.21761076130845902,0.3129466913458595,0.300542910066639,,0.2650300624263545,0.23242864459739698,0.343135744693865,0.267115689517257,0.2787292018348505,0.351552788472102
35,10,IL,0.343965374122144,0.319216717908396,,,0.28625423116684073,0.3405299750020325,0.228834939418825,0.32655048962419153,0.285630699620795,,0.41894074387766,0.283156950875711,,,0.33174360499653927,0.25052508008019947,0.2346002164372105,0.308743292901278,0.296449023791367,
36,10,NIC,0.205448286030654,0.2804156598476155,0.241554553751407,0.263364565788617,0.29279744813713077,0.3300762315382755,0.27326362631935996,0.3276612144982842,0.26273238378735875,0.2619338749596505,,0.2996757518139595,0.438461546262969,0.2653383141715865,0.378239353052221,0.2053586111673505,0.272330938057319,0.3309731343027855,0.2813889716488785,0.3346417335647768
37,10,NIL,0.27617202315336753,0.276725730514751,0.2672886800707805,0.223237785286676,0.3099249327326978,0.29003386184017876,0.27559922375359175,0.275638810278309,0.2361804401003475,0.2767405771067982,0.2303862812906785,0.249250339280048,0.37979141926291504,0.2689339082404935,0.27628949571712325,0.26014738722811775,0.2578672966948957,0.272858179204603,0.24215606208169552,0.28809481387687225
38,11,IC,,0.2954572644160085,,,0.279392067551468,,,0.2576758280996455,0.27376589816666,,,0.2974772098744975,,,0.3434313441069775,,,0.2702703277874535,0.23893229803878602,
39,11,IL,0.32517644149825553,0.3417988159555375,0.294682733296387,0.23165269704390298,0.30641233756726205,0.306092395622241,0.3067766820480843,0.3153761063567998,0.312246682867119,0.24716618907427523,0.32216163420699295,0.3352994643315025,0.2318835889978975,0.271671598685589,0.29516656000436076,0.290651876906014,0.2871457870740852,0.29190560145063105,0.25186211982032725,0.31312876095867004
40,11,NIC,0.3136079660878335,0.297372411841075,,,0.31328933073506804,0.21655222334089852,0.2584918308445745,0.20857044856741702,0.2192068195677635,,0.2540412183534575,0.2396042934806905,,,0.22591077077869748,0.2716161608797345,0.3215204554995935,0.2887841012843535,0.3029866144930705,
41,11,NIL,0.2740658140454575,0.2936075591868975,0.2634617324151665,0.28948878622852003,0.28500257153694775,0.28494622192497926,0.33625003290908173,0.29021353461983823,0.31831945513358,0.2757250339661805,0.207607213312682,0.244552599712763,0.287532811973622,0.272354121413092,0.26550208932890673,0.2870875696621345,0.2351096629007225,0.33349474057986805,0.24453663540219953,0.23352878451569725
42,12,IC,0.345914466791845,0.223552898834937,0.322348845478172,0.2671154641073865,0.3241347242505085,0.28071139466510353,0.31308574522070676,0.2921909766573495,0.3099346542013385,0.28241447076836423,0.219158009648928,0.2570249322858605,0.260204777374989,0.3316927156815605,0.3141161207138852,0.2681025700262322,0.24741478475158876,0.3050606535266043,0.25970086112157925,0.31018114259961876
43,12,IL,0.195413460620879,0.2904990041710735,0.203837780943522,0.27833535579358504,0.24951060191131702,0.2682751789352813,0.2961310423827237,0.30324856011490425,0.31515856552395277,0.28405775637181974,0.28837304925040796,0.22673940455838398,0.22548007094934752,0.264986641883146,0.2635941042516903,0.24670884573777652,0.2375444101452105,0.246847892965594,0.22695245395049923,0.286099114831817
44,12,NIC,0.374804114061847,0.240481677964008,,,0.290896081661293,0.225175841384426,0.211237702528338,0.2363787208491315,0.2788315737620535,,0.347132927425792,0.254038861105148,,,0.2599875532840925,0.20493691978985,0.171108469669225,0.269665492184955,0.357893889081684,
45,12,NIL,0.300153966767598,0.21644465216372902,0.2395581603722895,0.221045158144383,0.25840280428732554,0.309162667055423,0.2878807097524335,0.249124720867321,0.275089646317515,0.2297774010468685,0.2697049106986745,0.2322409860226235,0.291376652042544,0.29822998141029,0.2579516898847845,0.25145539180606646,0.34121710677906003,0.228211430258433,0.3000148710662415,0.29779261140741276
46,13,IC,0.28319483282534597,0.2819233582275765,0.2726877686952225,0.263192808743013,0.297466791084896,0.2658329627781595,0.28648089152891576,0.27363787139503776,0.27012980561891226,0.25543152307217376,0.22028130980496702,0.229984842546199,0.319662377646006,0.264573255861114,0.26313824882910075,0.2764101902268247,0.2631371738711885,0.26943096273536826,0.26574950538341924,0.30598049297742275
47,13,IL,0.3398614632851925,0.3191355757527265,0.31092522442141,0.256075231055952,0.2837066611879553,0.32026556612218526,0.2978485595528642,0.3381344041800745,0.34876033417441926,0.31392951095506827,0.2704280900679185,0.2894797097301455,0.28899582797344,0.3012033346356765,0.330154069457469,0.27424687783172375,0.289440442165132,0.2840658446956885,0.2881802383862593,0.29519935264325353
48,13,NIC,0.3280304797258905,0.2432756791029895,,,0.27581024979340873,0.360734652125017,0.176341314757332,0.334922516603086,0.258290349007416,,0.2654063111283135,,,,0.24277048265511497,0.2439892642748615,0.254229376441919,,,
49,14,IC,0.276400473216723,0.305109453684269,0.3196434369546225,0.31498796577070254,0.32112733211835676,0.3305255003014572,0.3048200987784055,0.31929526409942377,0.29642356066049225,0.326083075620646,0.301523498721108,0.2748860622540815,0.320724325024705,0.273049473001069,0.33566251517643925,0.32042180755637073,0.29080159696783076,0.2715744225496075,0.288328690282334,0.25939521563169976
50,14,IL,0.28878512603798,0.22367691342483753,,0.22672390911173002,0.27379083527766546,0.263107570576937,0.2948658603095977,0.231972293790622,0.25716252259096123,0.2490251799716755,0.2495388787053765,0.301332822375024,,0.2507248888672535,0.3016556939263637,0.29121484240246154,0.2958750839886315,0.2443185405473105,0.258978892916636,0.256266302892478
51,14,NIC,0.284658046801873,0.31110101251139255,0.31773399249247003,0.3422010774098835,0.2822155634198975,0.2551932203959315,0.2556985120772858,0.2918027572973855,0.32082617030345345,0.2886722678524275,0.208220504482044,0.24157308579363349,0.270476198726619,0.361490741456784,0.23650418379413773,0.2903007328841605,0.26061951142822226,0.19892908270843102,0.34625301722831575,0.2572585537955975
52,14,NIL,0.357823984406884,0.292461747062778,0.316818535872903,,0.3019041061203682,0.2631960147293025,0.294697964405432,0.226745807364527,0.25724566090204404,0.245349562207022,0.170856077761943,0.2252767236114015,0.244448309760332,,0.2256955701702395,0.22102660918558703,0.26455845748893597,0.2831085756017643,0.30149625870457997,0.192117443978258
53,15,IC,0.271105197740122,0.262175303328964,0.344237552354254,0.20619102552399549,0.25782154206159374,0.24250646615665578,0.250830814901026,0.271721136401194,0.2616594682195,0.24788434281932825,0.251173757364967,0.2944255568519315,,0.271643068056812,0.28554380653990474,0.382860372114549,0.2538042961211935,0.329124202247476,0.2596412007073395,0.350670313386058
54,15,IL,0.24270522080142648,0.27167207966686246,0.26796399942036997,0.2350881866126485,0.2753870969611698,0.3012231096724185,0.2677484479100235,0.25897876923311247,0.2563811850655777,0.2462114822000625,0.33127095912933946,0.3091657206063285,0.264238713306774,0.2563039881030345,0.3223270580328905,0.277350119514443,0.23673952555106925,0.290807133492728,0.2934842423914425,0.24850372184097624
55,15,NIC,0.24058424423631997,0.209936477520099,,0.295672367840102,0.22001799336190198,0.2046957005570195,0.26098239184398775,0.2432470145211305,0.2778754483973752,0.218777864894872,0.234052803953408,0.311243226283848,,0.2350050878266105,0.2580843413169812,0.2791203788338815,0.267069655382271,0.27023979742489346,0.23307264443915077,0.2057714584165905
56,15,NIL,0.32935713636049546,0.3448555433330145,0.266147199356793,0.3634731532980115,0.37370725054871723,0.2820998458960833,0.31486983321170053,0.28632327625320025,0.27985451637136405,0.30721154957125374,,0.34021976834043,0.188433288152685,0.2868577477727005,0.250413031278047,0.23115802918536202,0.3197509826988355,0.34148284212945423,0.30643304174562447,0.27474680730454476
57,16,IC,0.3008377919362305,0.291680739115768,0.2774893104158075,0.302359486964502,0.3076000921742973,0.32765844099092223,0.306783973110177,0.29349550495633875,0.2758910206930918,0.28163896874050526,0.27962304704005003,0.3036211049230635,0.2083011708365115,0.215059170668038,0.2521005144674795,0.2524141243352645,0.20841658859229426,0.2570787958933755,0.249426564868562,0.255969711129409
58,16,IL,0.2755499376369245,0.310734890578087,0.3183022286256345,0.2567341011333515,0.28548294203797775,0.29221375574158526,0.24504037561611874,0.3090337280410652,0.2545311905973717,0.2876300612175867,0.284163823281379,0.227201192310791,0.3102747318799125,0.205472115107283,0.2509777430845498,0.2573083812104,0.25852203724078077,0.21953164730805352,0.2041575480637155,0.25290674691916104
59,16,NIC,0.291648487804692,0.2678687053951505,,,0.273618353471814,0.2935202093235755,0.264890916926792,0.251185056916387,0.2370357604900165,,0.22613076398938198,0.1929468686147205,,,0.23254402517678752,0.25884223892797653,0.276021387512991,0.1888312622480105,0.22576850117707348,
60,16,NIL,0.22474564429101002,0.28243282772050904,0.2414517969821875,0.35296545187699546,0.25705732058813147,0.27826323531664676,0.27135583714823275,0.28713982491233675,0.32788434370286673,0.264686184515162,0.30781236894692354,0.29892705329694946,0.229102368974492,0.28329419603502304,0.3083348508011162,0.26554529320481923,0.303744107536357,0.25336966613411627,0.3153462558039325,0.2665937864022815
61,17,IC,0.2662431910863015,0.2831985326869225,0.2966022334566075,0.305236924777417,0.28178326596542747,0.2864987233195935,0.3069989984382563,0.264049062209582,0.2265156166307265,0.328032017386847,0.289907718081568,0.3657490352444025,,,0.3020079827240462,0.251217524815116,0.319113516734422,0.277697065554583,0.367865427360302,
62,17,IL,0.342579843969933,0.324069593010152,,,0.33387786858829804,0.398961337022707,0.327363997118498,0.2724378960389225,0.23315978403036502,,,0.3715795868483615,,,0.3008498201518865,,,0.21922498999101248,0.29282672995265147,
63,17,NIC,0.2947750854230945,0.2641969493154485,0.3307664872102585,0.2604979106596415,0.2279672065848965,0.2922816392530755,0.2601110204715945,0.25560271400035905,0.24939058083632026,0.29472767881734696,0.2141185168790995,0.32623381584817845,0.337325448297426,0.26674351815644903,0.26461466612747375,0.2621225589164172,0.26976303972628474,0.2859319630094755,0.363168219082849,0.26531875700659746
64,17,NIL,0.221564861140328,0.28763487673031396,0.2283504875426755,0.292827162897681,0.26877361555721124,0.2869495455090253,0.259566718774908,0.296199423757848,0.2597847009337285,0.26043933638025724,0.20061191782583598,0.20183831951526598,0.3349176811644155,0.29821911981438154,0.1809325291380115,0.276997589318381,0.265860587564361,0.2669934276808458,0.24179464969773873,0.2958707968995903
65,18,IL,0.426919753668048,0.30088301228998704,,,0.3468425005657125,0.348887244879024,0.407066017437552,0.2609161699738895,0.2892750401606445,,,0.2005819061431395,,0.273027159281348,0.2800878734341285,,0.341141893600128,0.29676586844235253,0.31679723023030276,0.239653738884447
66,18,NIC,0.2989309311740505,0.2693570636712735,0.262939920991422,0.22559178864387902,0.28096150445430673,0.28851989485817997,0.27943040404389696,0.2402273382215705,0.2282265888806155,0.2578395633058595,,0.154268209551338,0.235276754922766,0.296677327353359,0.205237263291673,0.173479398905252,0.22514846072592098,0.2408596602072285,0.26881292581245825,0.25480421818492927
67,18,NIL,0.2002476821344105,0.248433005767725,0.226693476309926,0.2407500036258325,0.24575149670434052,0.2283891032595205,0.26665026293137,0.2707897446049897,0.290051024005281,0.25328282135941504,0.2922394864644,0.286967088512583,0.273499915974499,0.3031911624332365,0.317238949002563,0.21471229044448625,0.21778637854185676,0.23657746700617524,0.274134868416403,0.3024371545571083
68,19,IC,0.312686561191361,0.250556706347262,,0.209509384342239,0.27594935132257475,0.3012996450987565,0.256948800197802,0.2612630454064815,0.2656008139761248,0.238284782103247,0.2779508944001585,0.3280113562431145,0.185566134394794,,0.30411200811365574,0.25819097663860174,0.284698298492989,0.284687053535217,0.224484181743652,0.301704445428872
69,19,IL,0.19361167879166752,0.274013017619559,0.22808993842966152,0.3168899573305035,0.243218498503402,0.2649259595564223,0.263131247176349,0.24016942485142626,0.2712128174630025,0.31170597198208777,0.2958191556833265,,0.331545248151078,0.2578044793728575,0.2434393635963455,0.29413750108671977,0.2940399741383277,0.282972858168474,0.2682405167538995,0.231483825756057
70,19,NIC,0.275698824694414,0.2951023359562885,0.2380221984749315,,0.27086009802135924,0.2755784191818368,0.31343294814585954,0.25669674268672127,0.2902986581148215,0.259977009640068,0.39171971008059403,0.3918738542624155,0.2895808815609485,,0.3582276092584255,0.27186862186627775,0.2983094199765825,0.239016628482856,0.265815856452072,0.3413358807259565
71,19,NIL,0.2767151510145905,0.30978623248580295,,0.208377722226678,0.29230514639444727,0.28276408860492797,0.25174637879031003,0.2170356686829965,0.24094168770997024,0.2682958447680025,0.2745833732038355,0.196138286262881,,0.45226583163322,0.23000405342323477,0.243355930455533,0.30595458778231827,0.211017024260464,0.2376334071636785,0.220184725437277
72,20,IC,0.230298503261717,0.2814948646893055,0.214889819534021,,0.27650604618012675,0.263761496380724,0.25718228822171296,0.29385591598529176,0.294884080735331,0.309061023974728,0.306590826830741,0.2804693662682385,,,0.2703565946024315,0.27711372038032,0.3037331484558575,0.24362882899327448,0.25815063138766103,
73,20,IL,0.2549328965352775,0.23082300231466651,0.33790813807856346,0.29859277797983697,0.23883690720501324,0.2707827648420468,0.2733933311495055,0.25451688136403394,0.2557443749331305,0.27941968561937275,0.28334293944460553,0.24018316424640201,0.296194406548432,0.287255248301282,0.265434620439648,0.24972744745526676,0.29893272964953427,0.2825047911594485,0.292148723964143,0.341725456840529
74,20,NIC,0.2536761565464025,0.33534592066911395,,0.331482480495916,0.3032940439820102,0.33610292405253,0.250352640997572,0.31855726658043804,0.23389087723109997,0.201898827247947,0.28617149001854,0.260591580770881,,0.283761969098891,0.2482139372940695,0.193065601566043,0.23253317829093323,0.19506971408122498,0.28209294016166847,0.202728036669058
75,20,NIL,0.211259224596705,0.218934106465114,0.306797358821292,0.3526052007009795,0.20269705955812,0.271380623365538,0.2517405007322445,0.27061657342240925,0.26390134080976874,0.30659990936336623,0.25905410740194446,0.392919073938142,0.2738103541131895,0.28665697861670747,0.307339606658947,0.24128391557956125,0.2683931317838407,0.2688686028765515,0.238450375757195,0.24951742261971027
76,21,IC,0.281201806513305,0.259518427018295,0.262982830895334,0.181553570022205,0.221094409773687,0.2668204247302325,0.232717623204507,0.2694194940770285,0.23068113938871251,0.2585010068071825,0.2192039135187815,0.178915546631585,0.351699246602981,0.2755148066255305,0.22960264641092248,0.25522121881661874,0.23640409863636053,0.26553400759005674,0.230551171112634,0.2694494539608042
77,21,IL,0.2546548116170735,0.27600555852847153,0.221379610505212,0.321282525928583,0.26197643411910676,0.27105077243571474,0.311404048793132,0.23507053365230002,0.2856805974598087,0.258289241295792,0.33223943602517403,0.28103708567602603,0.223596554676692,0.248157447449754,0.30893259446732224,0.2975539554447547,0.23901119868490822,0.2902247052440138,0.2590526034644608,0.2342796572480425
78,21,NIC,0.251893087914169,0.3326376786416815,0.2125185758654965,0.224607441154696,0.25996758177430024,0.23002101869962027,0.2291699661553795,0.2121307503371475,0.20334473643664852,0.21662783195757676,0.295302682576659,,0.28601140685607096,0.263922608506935,0.188085709440182,0.29895459940533053,0.2617896364792113,0.2014094906887035,0.256966689751328,0.24061136176554
79,21,NIL,0.310216763751192,0.2244208448273925,0.260107243347134,0.2384220242816215,0.24750429651383474,0.2633553559183942,0.2543672750064605,0.25919678364100573,0.27042262037418074,0.29534127780361497,0.3312071792640875,0.256191389783342,0.24340811271787802,0.2196788501325445,0.2733322851796905,0.34385727259763,0.2681500514413825,0.29892629137249427,0.2339751882522465,0.250208258095745
80,22,IC,0.30343183910182203,0.281703738943355,0.3084686792205025,0.2869092521220445,0.29360870240564224,0.24929983692406674,0.2713919328584202,0.25276958066636673,0.2616667553593847,0.27848829383034923,0.2644830337669885,0.269299717914676,0.2971391139619105,0.276814507801844,0.2402126319251015,0.34320023647238895,0.238181965978418,0.2309140423899195,0.2461136527560335,0.27695632196325626
81,22,IL,0.291516716104422,0.240930881588387,,,0.2767101584103282,0.2685738168669415,0.2990882472727695,0.26861001775300447,0.303999346084738,,,0.3317064548836315,,,0.3072683919058875,,,0.31279451084601495,0.345121730408062,
82,22,NIC,0.276739071031293,0.26216818302301503,,0.257489543626108,0.27524174244094324,0.263613236149352,0.25419945095157304,0.27322773840693104,0.22783849268586726,0.256453516516495,0.239021375986951,0.250346318764538,0.310128036895562,0.24774292271195647,0.24764924346961475,0.252536092572366,0.279965796899462,0.209311378063044,0.26403501001737223,0.30748135040742497
83,22,NIL,0.20460496741109602,0.22628519544502,0.3285941306433045,,0.2166560541439655,0.236878402292027,0.2816175985823135,0.21374779297439878,0.245547344011324,0.332430525518034,,0.2358349334011695,0.265535527530083,0.292901682133197,0.3005481140694115,0.210378091654715,0.25184668547650146,0.243575279749908,0.250636506623449,0.28055288635675923
84,23,IC,0.2275176726879445,0.294802475876675,0.29628249191621703,0.37901133083580096,0.262320780633641,0.26660889480657524,0.3315155971027768,0.2978890201538158,0.316185477573945,0.31668591440779226,0.2520170443691465,0.257363716737389,0.31821814608340904,0.28716701054957,0.28192829423653376,0.2732756019950005,0.283241702907602,0.27138864249907524,0.31498777299181274,0.28954130578451875
85,23,IL,0.346130851920491,0.350262254393608,0.305301188815278,,0.29626131668889755,0.26278754629518125,0.26508805671554947,0.28373934179348376,0.24700381989075298,0.26624256349618447,0.2430274216231085,0.2618797700195485,0.36900017539468855,,0.25172716500751624,0.28311604983260796,0.329199010538475,0.305081139175661,0.25095362987180747,0.330542562084433
86,23,NIC,0.27934186228831503,0.2871243029795335,0.253662237908521,0.252782429972805,0.28732054888004227,0.22594941075469624,0.24549071299256547,0.21719485870999075,0.22125858741914023,0.26370204276978026,0.291618949342261,0.2432265457869105,0.32873886833006,0.30609383505802545,0.273735759928752,0.30328720186907776,0.28543546282938226,0.24465730723762677,0.25793334851807426,0.265385134600388
87,23,NIL,0.29279390649255,0.2790444041018415,0.3294000485352085,0.303990475151925,0.2942641969938115,0.299964452397593,0.2821894440414195,0.2899613776146695,0.2915994990644958,0.3005958827561882,0.2798613377287385,0.2474297891083025,0.2984014234930895,0.397820297720655,0.2660400397425275,0.28790904421193575,0.2982261583063972,0.24536539779149902,0.291713293891252,0.31607674250659246
88,24,IC,0.290345410656097,0.279945897271572,0.31068545141742554,0.2870484437965525,0.27538588534762026,0.27670762394541826,0.249140975697288,0.24496026766659373,0.24063528955931351,0.2711096018143455,0.3161524974183695,,0.28531938599875395,0.2829138213207995,0.3353355464833,0.296365604832157,0.336702860324035,0.271069796546964,0.288195369485331,0.28484496794167047
89,24,NIC,0.3057400275369645,0.3177783331646315,0.3039304975820185,0.2854188202476295,0.332654509820293,0.309256133768995,0.28756990249123326,0.321341626390793,0.303354777423544,0.3125132372033373,0.2523278706580485,0.220156436208024,0.3669099894440435,0.22837315593406798,0.31190023498751396,0.26436295216176625,0.2645304105484443,0.26891028728412575,0.26331099806649927,0.2658280657341115
90,24,NIL,0.25958152432096704,0.2492534604749685,0.264977809694131,0.245338785995665,0.22575726882666874,0.29414349476548074,0.23169591933781475,0.33751610633818896,0.264673618800611,0.27880182037983725,0.36736281604738497,0.276162376079288,0.2770426651883325,0.24294952696772248,0.32676437914497974,0.25041802147258124,0.24904827174530697,0.25253544906048153,0.2606879349023232,0.231335837326632
91,25,IC,0.2133818148150355,0.2448417025972605,0.3461420792306275,0.297214653331493,0.22494230043917024,0.2403220953530895,0.264692977599453,0.283790074421306,0.3094979037282962,0.334242525212582,0.2430650308033715,0.2459521278405425,0.24364246090189,0.290022818507752,0.220760407560191,0.24615107510272602,0.31899884532703604,0.2856528650026092,0.3089380432150785,0.2957465102607325
92,25,IL,0.25278160060299903,0.2269540258570295,0.2286205047240075,0.26877402765403147,0.243557279491352,0.24881851100266772,0.20177240985396075,0.2517785175979602,0.22263520424655076,0.2194240585700695,0.245773705343573,0.2946308766657995,0.30205971682194455,0.34002102985356897,0.23721771943457826,0.32164611019908373,0.312030014847517,0.29115719320331324,0.2632276312012445,0.3103928089012973
93,25,NIC,0.2304476349309725,0.30127431220441947,0.202358238332422,0.223243308724678,0.24687347250686048,0.3032007010113975,0.283195211522129,0.29087514904947503,0.28803138966883624,0.220183342713264,,,0.286404546866897,0.282845481982241,0.259190735571157,0.242048781300993,0.235714732727151,0.254941443061856,0.29929197774732896,0.2850861944017018
94,25,NIL,0.2648815584850775,0.334049034984218,0.23766079051687,0.2440306490348385,0.24150030839396125,0.2771915653199173,0.27841659193156654,0.24059039313291725,0.21432616331972298,0.2523953126129578,,0.32782906582083005,0.2337875708193595,0.2201640690530075,0.3168150684924535,0.37239991660695504,0.3616637206949215,0.275091681724351,0.2850021857090895,0.2209471873408375
95,26,IL,0.3591902155055,0.27121417935478803,,0.211764362597021,0.295527957039123,0.2873319890557415,0.2887209354814275,0.26924421146405897,0.273651933475132,0.2287437486571165,,,,0.25831240840270353,,0.34300913795201304,0.292654748576194,0.365915575164185,0.263760651344998,0.3839912950630995
96,26,NIC,0.335721278992822,0.3329559540934195,,0.29995353149725446,0.26737888217418326,0.2614877444906895,0.3140693224664615,0.3135543195040545,0.28108752288115824,0.253322601371553,0.251125173604999,0.2942874227086545,,0.298265059124184,0.26830164229827824,0.2516585118548635,0.29314426060832977,0.2909540340480845,0.2863210676649065,0.31462460318070096
